{
    "isotopes": {
        "85": {
            "D1": {
                "DecayRate": 36129000.0,
                "DipoleMoment": 5.182,
                "E": 1.559590695,
                "S": {
                    "2": {
                        "2": 0.12345679012345692,
                        "3": 0.43209876543209924
                    },
                    "3": {
                        "2": 0.43209876543209924,
                        "3": 0.3456790123456793
                    }
                },
                "S+": {
                    "2": {
                        "2": 0.12345679012345695,
                        "3": 0.43209876543209913
                    },
                    "3": {
                        "2": 0.4320987654320992,
                        "3": 0.3456790123456792
                    }
                },
                "S-": {
                    "2": {
                        "2": 0.12345679012345695,
                        "3": 0.4320987654320992
                    },
                    "3": {
                        "2": 0.43209876543209913,
                        "3": 0.3456790123456792
                    }
                },
                "f": 377.10738569,
                "link": [
                    "S1/2",
                    "P1/2"
                ],
                "wl": 794.979014933
            },
            "D2": {
                "DecayRate": 38117000.0,
                "DipoleMoment": 5.177,
                "E": 1.589049139,
                "S": {
                    "2": {
                        "1": 0.3333333333333337,
                        "2": 0.4320987654320992,
                        "3": 0.34567901234567927,
                        "4": 0.0
                    },
                    "3": {
                        "1": 0.0,
                        "2": 0.12345679012345678,
                        "3": 0.43209876543209913,
                        "4": 1.0000000000000009
                    }
                },
                "S+": {
                    "2": {
                        "1": 0.33333333333333365,
                        "2": 0.4320987654320993,
                        "3": 0.34567901234567927,
                        "4": 0.0
                    },
                    "3": {
                        "1": 0.0,
                        "2": 0.12345679012345678,
                        "3": 0.43209876543209896,
                        "4": 1.0000000000000004
                    }
                },
                "S-": {
                    "2": {
                        "1": 0.33333333333333365,
                        "2": 0.4320987654320993,
                        "3": 0.3456790123456793,
                        "4": 0.0
                    },
                    "3": {
                        "1": 0.0,
                        "2": 0.12345679012345678,
                        "3": 0.43209876543209896,
                        "4": 1.0000000000000004
                    }
                },
                "f": 384.230406373,
                "link": [
                    "S1/2",
                    "P3/2"
                ],
                "wl": 780.241368271
            },
            "I": 2.5,
            "levels": {
                "P1/2": {
                    "2": -210.923,
                    "3": 150.659
                },
                "P3/2": {
                    "1": -113.208,
                    "2": -83.835,
                    "3": -20.435,
                    "4": 100.205
                },
                "S1/2": {
                    "2": -1770.8439228,
                    "3": 1264.8885163
                }
            },
            "mass": 1.409993199e-25
        },
        "87": {
            "D1": {
                "DecayRate": 36129000.0,
                "DipoleMoment": 5.182,
                "E": 1.559591016,
                "S": {
                    "1": {
                        "1": 0.05555555555555561,
                        "2": 0.2777777777777781
                    },
                    "2": {
                        "1": 0.27777777777777796,
                        "2": 0.2777777777777777
                    }
                },
                "S+": {
                    "1": {
                        "1": 0.05555555555555561,
                        "2": 0.277777777777778
                    },
                    "2": {
                        "1": 0.27777777777777796,
                        "2": 0.2777777777777778
                    }
                },
                "S-": {
                    "1": {
                        "1": 0.05555555555555561,
                        "2": 0.277777777777778
                    },
                    "2": {
                        "1": 0.27777777777777796,
                        "2": 0.2777777777777778
                    }
                },
                "f": 377.10746338,
                "link": [
                    "S1/2",
                    "P1/2"
                ],
                "wl": 794.978851156
            },
            "D2": {
                "DecayRate": 38117000.0,
                "DipoleMoment": 5.177,
                "E": 1.589049462,
                "S": {
                    "1": {
                        "0": 0.11111111111111117,
                        "1": 0.27777777777777796,
                        "2": 0.27777777777777796,
                        "3": 0.0
                    },
                    "2": {
                        "0": 0.0,
                        "1": 0.0555555555555556,
                        "2": 0.27777777777777785,
                        "3": 0.7777777777777781
                    }
                },
                "S+": {
                    "1": {
                        "0": 0.11111111111111117,
                        "1": 0.27777777777777796,
                        "2": 0.277777777777778,
                        "3": 0.0
                    },
                    "2": {
                        "0": 0.0,
                        "1": 0.05555555555555559,
                        "2": 0.2777777777777779,
                        "3": 0.7777777777777781
                    }
                },
                "S-": {
                    "1": {
                        "0": 0.11111111111111117,
                        "1": 0.27777777777777796,
                        "2": 0.27777777777777796,
                        "3": 0.0
                    },
                    "2": {
                        "0": 0.0,
                        "1": 0.05555555555555559,
                        "2": 0.2777777777777779,
                        "3": 0.777777777777778
                    }
                },
                "f": 384.2304844685,
                "link": [
                    "S1/2",
                    "P3/2"
                ],
                "wl": 780.241209686
            },
            "I": 1.5,
            "levels": {
                "P1/2": {
                    "1": -509.05,
                    "2": 305.43
                },
                "P3/2": {
                    "0": -302.0738,
                    "1": -229.8518,
                    "2": -72.9112,
                    "3": 193.7407
                },
                "S1/2": {
                    "1": -4271.676631815181,
                    "2": 2563.0059790891
                }
            },
            "mass": 1.443160648e-25
        }
    },
    "level": "5²",
    "name": "Rubidium",
    "symbol": "Rb"
}